1,118,99,83.0,الهادي علي يوسف ابوحمرة,1042,زايد شعبان محمد ابوطبل,461,فوزي سالم المهدي عماره,266,ابوبكر علي محمد بن يونس,145,عيسى عقيلة علي عقيلة,124,فراس حسن عامر مصباح,56,رشيد ميلاد مسعود الواعر,54,علي غيث علي اطبيقة,33,,,,,,,,,,,,,,,,,,,,,,,,,,,,,,,,,,,,,,,,,,,,,,,,,,,,,,,,,,,,,,,,,,,,,,,,,,,,,,,,,,
2,47,42,89.0,صالح محمد شاكر ابراهيم,1032,ابوبكر عبدالله ابوبكر سلعوم,1022,صالح عبدالله عبدالسلام قنيفيذ,618,عماد نجيب علي غميض,554,فيتورى القاسي احمد القاسي,332,بشير نوفل اسماعيل نوفل,274,محمد هاشم محمد هاشم,157,غادة محمد هاشم علي,127,,,,,,,,,,,,,,,,,,,,,,,,,,,,,,,,,,,,,,,,,,,,,,,,,,,,,,,,,,,,,,,,,,,,,,,,,,,,,,,,,,
3,86,80,93.0,جمال محمد عبدالمولى الغزال,991,طاهر فرج عبدالسلام الثكرانى,921,المهدي صالح امراجع صالح,764,فضيل الصقر محمد  فاضل,355,محمد احمودة ابراهيم عثمان,231,محمد مفتاح صالح دخيل,206,علي المبروك المبروك ابوشوفة,200,حمد على جبريل الزيانى,178,حسون عمر محمد ابوستة,81,سعد محمد عبدالسلام درياق,76,مخلوف رمضان سالم علي,40,,,,,,,,,,,,,,,,,,,,,,,,,,,,,,,,,,,,,,,,,,,,,,,,,,,,,,,,,,,,,,,,,,,,,,,,,,,,
4,247,241,97.0,محمد عبدالرحمن عثمان بالروين,21728,ابراهيم يوسف خليفه بن غشير,12442,عبدالرحمن علي محمد الكيسة,8296,عبدالباسط احمد عبدالسلام ابومزيرق,7849,محمد سالم مفتاح جهان,1264,علي محمد عبدالله الفورتيه,919,مصطفى الطاهر مصطفى ابوطلاق,556,صالح عبدالعزيز ابراهيم السيوي,482,محمد سالم ابراهيم بعوه الجروشي,459,علي احمد حسن فرحات,315,حسين المهدي امحمد سويب,285,عبدالغني احمد محمد الجطلاوي,258,,,,,,,,,,,,,,,,,,,,,,,,,,,,,,,,,,,,,,,,,,,,,,,,,,,,,,,,,,,,,,,,,,,,,,,,,,
5,124,116,93.0,محمد الهادي احمد الصاري,3843,عمار ميلاد رجب الابلق,1874,فرج سليمان عبدالله احمودة,1638,احمد امحمد محمد الكشر,1358,ادريس مفتاح عبدالله حمودة,939,عبدالمالك محمد رجب الصفراني,680,احمد محمد مختار جوان,616,رضا علي محمد بالشيخ,519,خالد رمضان عقيل دلف,450,عبدالعظيم محمد مفتاح ابوشعالة,240,مفتاح مخلوف علي بن حسن,116,,,,,,,,,,,,,,,,,,,,,,,,,,,,,,,,,,,,,,,,,,,,,,,,,,,,,,,,,,,,,,,,,,,,,,,,,,,,
6,126,118,93.0,محمد فرج محمد الزائدي,4831,احمد عثمان زائد احميدة,1827,محمد مفتاح صالح اليسير,1590,وليد محمد علي عواج,1003,محمد عثمان محمد صولة,822,عبدالسلام  محمد رجب ابو زقية,762,اسماعيل محمد منصور سويد,420,محمد زايد محمد المرغني,375,خالد سالم علي معوال,205,عبدالمنعم محمد الفيتوري الربيقي,85,عبدالحميد ميلاد علي اعشيبة,82,احمد على امحمد عبد السميع,42,,,,,,,,,,,,,,,,,,,,,,,,,,,,,,,,,,,,,,,,,,,,,,,,,,,,,,,,,,,,,,,,,,,,,,,,,,
7,138,131,94.0,محمد احمد ضو عبدالله,3165,عبدالفتاح المبروك العربي الكاسح,2181,حسين مسعود حسين ابوراس,1230,صالح محمد رمضان عبداللطيف,337,علي رجب ابراهيم الفرجاني,334,محمود العماري البشير سلامة,235,نوري محمد ابراهيم الكانوني,232,عبدالباسط عبدالخالق ابوالقاسم الربيعي,222,وسيم محمد فرج ضو,217,الصيد اعمار مسعود الديب,199,الهمالي محمد الهمالي الهمالي,168,عبدالسلام جمعة علي بشر,149,مفتاح علي عامر اعمار,90,,,,,,,,,,,,,,,,,,,,,,,,,,,,,,,,,,,,,,,,,,,,,,,,,,,,,,,,,,,,,,,,,,,,,,,,
8,330,316,95.0,سالم محمد سالم كشلاف,14669,عبد الاله محمد محمد الزائدي,6162,عادل عبدالحفيظ الطاهر كندير,5389,سامي محمد ميلاد الشريف,5015,عبدالباري محمد احمد العاقل,3907,عبدالرحمن احمد محمد جحيدر,3080,عمران مفتاح خليفة الشكشوكي,2577,محمود عبدالحفيظ الصادق المغبوب,2517,علي عبدالسلام سلامة القراد,2280,يعقوب اعماره محمد اعماره,1469,عماد عامر الهادي ابوحميدة,1010,ناصر الطاهر امحمد الشائبي,849,هيثم محمد خليفة الدويبي,733,خالد خليفة محمد القريو,657,عبدالله محمد محمد  كليش,601,وليد ابراهيم محمد بالرجب,578,عماد محمد احمد بدر,556,عبدالحكيم الفيتوري جمعة جروش,464,محمود جمعة العجيلي الحبيشي,447,محمد سالم عمر الفيتوري,426,محمد محمد محمد المجاني,420,ميلاد محمد سالم العود,308,خالد محمد علي برباش,287,احمد محمد الطيب الامين,246,فتحي عبد اللطيف المهدي فحيمة,232,عبدالحميد نصر عبدالحميد القمي,217,بركة عبدالله بركة الاشعل,200,سعد الشريف عبدالمولى بن لامة,199,ماجد المهدي محمد الاطيوش,195,محمد مفتاح عمر السائح,190,محمود علي محمد الكميشى,169,فوزي رمضان عمر استوكه,122,محمد عبدالرحمن محمد بحيري,96,,,,,,,,,,,,,,,,,,,,,,,,,,,,,,,,
9,185,175,94.0,البدري محمد عبدالله الشريف,5594,نعيم محمد علي عبدالرحمن,2099,عامر رمضان محمد ابو ضاوية,1911,عبدالرؤوف ابراهيم علي المناعي,1623,ابراهيم محمد علي القيادي,1308,علي رمضان علي بن سلامة,1260,عبدالباسط احمد محمد صوم العام,1218,ناصر خليفة مفتاح قشوط,877,علي محمد ابراهيم ابوراس,732,شوقي الطاهر محمد الفقيه,489,احمد مصباح علي الدعيكي,459,مصطفى المهدي خليفة بدر,445,عبدالناصر بشير عبدالسلام بن نافع,421,انتصار جمعة عمر دياب,412,رشيد علي الميهوب الميهوب,387,محمد المهدي الصادق الحارتي,340,خالد محمد سالم سلامة,331,عادل بلعيد احمد العريفي,324,صالح الكيلاني امحمد الحمروني,323,طارق ميلاد محمد القذافي,316,عبدالسلام محمد عبدالسلام الراجحي,246,علي مختار احمد المحجوب,219,محمد سليم احمد سويدان,198,سعيدة ابوسيف مفتاح علي,194,سالم عبدالجليل محمد عبدالحميد,185,كمال ميلاد مسعود الواعر,179,عبدالسلام ميلود قاسم العائب,177,نجيب محمد بشير البسكري,140,ناصر محفوظ عبدالله ضياف,125,علي صالح خليفة بن درفو,54,,,,,,,,,,,,,,,,,,,,,,,,,,,,,,,,,,,,,,
10,370,349,94.0,محمد عبدالقادر منصور التومي,17197,علي رحومة محمد السباعي,11766,عزالدين ابراهيم سليمان عقيل,6397,احمد غيظان عبدالنبي العكر,3190,ابراهيم سالم احمد بوكر,2297,عبدالمجيد محمد ابراهيم الميت,2157,صلاح الدين محمد الصديق طاباق,2126,العباس محمد عبدالسلام البشتي,1347,مراد اعمار الامين بلال,1277,علي محمد احمد الازهري,952,لطفي فرج رمضان الشاوش,873,عبدالسيد سعد عيسى العيساوي,841,جمال ابوبكر خليفة شليق,624,انيس امحمد محمد الطرابلسي,611,محمد علي رمضان محمد الارنؤوط,593,عصام خليفة محمد القبائلي,505,عبدالرحمن علي عبدالرحمن التويجر,484,عبدالناصر حسين مختار ابوتوتة,428,محمد الطاهر محمد الحراري,401,صالح محمد محمد الكميشي,396,طارق علي سالم الغرابلي,385,طه خالد احمد الجعفري,372,جمال ناجي خليفة بكة,340,عادل ميلود عبدالحميد الغليض,322,مريم محمد سليمان البدري,294,مصطفى مختار السنوسي ابوقرين,278,ايمن البشير رحيم عبدالله,250,عبدالقادر علي محمد بن حسين,230,اكرم عبدالسلام عويدات سود,229,مصطفى ميلاد سعد البريكي,212,ربيعة عبدالرحمن سليمان ابوراص,199,عبدالمطلب علي خليفة الغالي,191,سليم محمد سليمان قشوط,179,مصطفى ابوبكر محمد فطيس,165,عماد مفتاح محمد اطنيش,164,اسامة عثمان علي ابوعجيلة,143,نورية مسعود سالم غريبة,131,شكري المبروك سعيد بونواره,130,صلاح البشير سالم  الكيلاني,126,بشير امحمد بشير ابزيز,119,مسعود عبدالكريم مسعود البلوشي,96,,,,,,,,,,,,,,,,
11,232,222,95.0,ضو المنصوري مسعود عون,4223,المصرى محمد المبروك دياب,2339,فرج الصويعي السائح اللطيف,1635,امحمد جمعة محمد البرغوث,1443,سعد عبدالسلام محمد كشير,911,سالم عبدالله فرج ابوحلالة,879,نورالدين علي ضو البليعزي,846,نورى حسين القمودى عوين,724,ابراهيم حسين بلعيد الري,585,طلال الطاهر محمد ذويب,557,عمار الضاوى الفيتورى الضاوى,501,عبدالمجيد عمر بالقاسم قريصيعة,425,نورى جمعة حمودة التير,216,طه عمر البصير اهويدى,199,وائل ابوجعفر الشارف عقل,182,سعد محمد احمد الجازوي,174,المعز المهدى صالح العويمرى,165,الازهر صالح رمضان الكردي,160,محمد ابراهيم منصور امباشي,122,خالد الهادى صالح مسعود,113,,,,,,,,,,,,,,,,,,,,,,,,,,,,,,,,,,,,,,,,,,,,,,,,,,,,,,,,,,
12,183,172,93.0,عبدالباسط الهادي احمد النعاس,8254,احمد علوان علي القنصل,6445,حسن الهادي محمد هويسه,1980,شعبان ابراهيم المنصر المنصر,1589,عبدالكريم مصطفى السائح مانيطة,1445,احميده علي محمد حسن,1322,مولود الصغير علي الاحرش,1262,عبدالباري عبدالله محمد التربل,900,محمد ساسي امحمد الحراري,541,مفيدة حسين عبدالله دراء,498,محمد ابوالقاسم ابراهيم الفرد,438,سمير عبدالله عمر كوكو,308,عبدالرحمن محمد ابوالقاسم البلعزي,305,محمود مصطفى سالم الفروج,111,,,,,,,,,,,,,,,,,,,,,,,,,,,,,,,,,,,,,,,,,,,,,,,,,,,,,,,,,,,,,,,,,,,,,,
13,108,100,92.0,العربي الشريف الشارف سويسي,4487,كمال سالم حسين بلاعو,1543,مصطفى الهادي محمد امسيك,1141,عبدالمجيد علي ابراهيم الطرابلسي,1133,مصطفى ابوعجيله علي الغنودي,896,الصديق عبدالقادر سويسي العطاب,367,محمد الطاهر سعد المحروق,355,اميرة الجليدي مسعود المجدوب,303,حسني علي الهادي المختار,85,فتحي علي خليفه المبروك,48,,,,,,,,,,,,,,,,,,,,,,,,,,,,,,,,,,,,,,,,,,,,,,,,,,,,,,,,,,,,,,,,,,,,,,,,,,,,,,
15,130,120,91.0,رمضان عبدالسلام العجمي التويجر,1360,محسن شعبان احمد المبروك,1110,المبروك ضو احمد ابراهيم,970,المبروك علي يونس صوله,927,فرج عبدالله فرج الخليفي,625,عبدالحكيم مفتاح عمار السائح,621,اتبينه امحمد امبارك ابوعواجه,265,عماد عمر امحمد العلاقي,251,احمد علي احمد ابورتيمة,220,هشام سعيد المبروك المشتي,175,,,,,,,,,,,,,,,,,,,,,,,,,,,,,,,,,,,,,,,,,,,,,,,,,,,,,,,,,,,,,,,,,,,,,,,,,,,,,,
16,287,242,84.0,محمد الجيلاني احمد البدوي,5946,محمد خليفه علي الحواسي,3765,عبدالباسط عبدالغني محمد البغدادي,2956,علي خليفه سالم الدويب,2473,ناجي جمعة غيث بركات,1378,ابوالقاسم محمد عبدالله عبدالله,1372,محمد عثمان عبدالسيد سالم,974,صبري سالم امطير الجاير,761,ميلود محمد سالم  صقر,708,لطفي محمد علي شتاوه,635,نجيب فتحي علي المقطوف,517,عمر محمد امحمد غريبه,506,توفيق المبروك عمر ابوزيد,492,زهير محمد الطاهر ابوشاقور,439,عبدالله ابوالقاسم عبدالله محمد,382,الطاهر الجليدي ابراهيم زقمن,265,يونس ابوعجيلة ابوالقاسم العياط,229,عرفات البهلول عمر القحطار,216,خليفة محمد علي بن علي,204,محمد احموده محمد ابراهيم,181,ضو عمر محمد الاشلح,158,علي محمد العالم الفقي,117,وحيد محمد عبدالجليل برشان,107,اسامة احمد مسعود بالخير,99,محمد سالم امبارك ابوشويرب,56,عبدالحميد محمد المهدي الطبطش,49,علي مفتاح ابوالقاسم احسى,43,عبدالحميد ابوالطويرات رمضان عمر,20,,,,,,,,,,,,,,,,,,,,,,,,,,,,,,,,,,,,,,,,,,
17,28,24,85.0,القدافي ابراهيم الطاهر ابريدح,496,خالد عليوه محمد عليوه,302,محمد عبدالله سعيد حسن,274,محمد الصادق عبدالسلام مفتاح محمد,233,عثمان عبدالسلام الطاهر عثمان,107,,,,,,,,,,,,,,,,,,,,,,,,,,,,,,,,,,,,,,,,,,,,,,,,,,,,,,,,,,,,,,,,,,,,,,,,,,,,,,,,,,,,,,,,
18,33,26,78.0,احمد علي ابوبكر علي محجوب,1026,مالك عبدالقادر المهدي ابوسبيحة,460,غيث علي محمد ابديوي,345,محمد عيسى الغناي احمد,222,حامد فاضل عبدالرحمن ابورياح,10,,,,,,,,,,,,,,,,,,,,,,,,,,,,,,,,,,,,,,,,,,,,,,,,,,,,,,,,,,,,,,,,,,,,,,,,,,,,,,,,,,,,,,,,
19,37,30,81.0,علي محمد عمر بوسعده علي,1658,المهدي ابوبكر احمد عقيلة,490,ضو احمد علي احمد محمد,239,ابراهيم سليمان محمد عبدالرحمن عريش,141,الزروق عبدالله الزروق عبدالله,111,,,,,,,,,,,,,,,,,,,,,,,,,,,,,,,,,,,,,,,,,,,,,,,,,,,,,,,,,,,,,,,,,,,,,,,,,,,,,,,,,,,,,,,,
20,41,37,90.0,محمد محمد عبدالقادر حبيب,2396,سالم علي الهاشمي منه,297,ابوبكر الصديق ابوبكر محمد ابوجناح,282,,,,,,,,,,,,,,,,,,,,,,,,,,,,,,,,,,,,,,,,,,,,,,,,,,,,,,,,,,,,,,,,,,,,,,,,,,,,,,,,,,,,,,,,,,,,
21,36,32,88.0,احمد علي عثمان محمد قوني,579,محمد ابوالقاسم البشير عبدالدائم,433,سالم محمد علي مسعود عمران,359,مصباح عمر ابوبكر عز القوت,232,صالح احفاف ابو قفه احميد,167,محمد عبدالرحمن بشير العياط البوسيفي,132,عبدالسلام محمد ابوسبيحه عبدالقادر,81,احمد عبدالرحمن احمد عبدالرحمن احمد,74,,,,,,,,,,,,,,,,,,,,,,,,,,,,,,,,,,,,,,,,,,,,,,,,,,,,,,,,,,,,,,,,,,,,,,,,,,,,,,,,,,
22,39,31,79.0,عبدالوهاب خلف الله امبيه عبدالرزاق,450,ابراهيم مسعود ابراهيم سالم عبدو,403,حسن محمد حسن عبدالرحمن,212,احمد شلقم عمر عبدالقادر شلقم,195,عبدالقادر الفيتوري منصور ازويغبه,131,محمد عويدات محمد الوليد الشريف,124,غيث مادي ابوالقاسم رمضان,96,خالد ابراهيم احمد الزوي,82,عبدالسلام علي عمر احمد ابو حليقة,71,محمد ابوبكر عبدالله بشير الزوي,71,السنوسي علي محمد اعلي,42,عبدالقادر محمد احموده علي احموده,39,عبدالجواد حماد الهادي حماد,30,علي احمد محمد النكاع,15,يحي علي محمد دخيل,13,مسعود محمد صالح فرحات,12,,,,,,,,,,,,,,,,,,,,,,,,,,,,,,,,,,,,,,,,,,,,,,,,,,,,,,,,,,,,,,,,,,
23,43,37,86.0,صلاح الدين عثمان امحمد ابوبكر ابوخزام,359,نصرالدين مبارك محمد شعشوع,324,عادل سعد محمد هميلة,289,سعيد موسى سعيد طاهر رحمة,276,العارف نصر عبدالسلام المسطر,221,مصطفى عبدالغني علي شيبة,213,عمر يوسف محمد الناجمي,203,ابوبكر مسعود الزروق ابوجناح,187,عمر احمد عمر عمير,142,ابراهيم صالح سعد محمد,126,محمد البشير علي الاحمر,104,محمد علي محمد مسعود احميد,96,اسعد المبروك محمد الكانمي,80,عبدالله سلطان خميس سلطان,67,ابراهيم مشري محمد بشير,50,ابوالقاسم ابوسبيحه عبدالسلام بشير,48,الحسين ابوالقاسم علي محمد امريغيده,29,محمد مصباح ابو راوي محمد علي,19,اعبيد احمد علي عبدالله محمد,16,,,,,,,,,,,,,,,,,,,,,,,,,,,,,,,,,,,,,,,,,,,,,,,,,,,,,,,,,,,,
24,32,21,65.0,عبيد الزروق سالم ابوالاسعاد,446,محمد حامد الازهري علي الهمالي,392,خير عمر ابراهيم اللهيبة,244,ابراهيم صالح الفرجاني محمد باللعوب,74,محمد عبدالنبي عبدالله التمتام,14,,,,,,,,,,,,,,,,,,,,,,,,,,,,,,,,,,,,,,,,,,,,,,,,,,,,,,,,,,,,,,,,,,,,,,,,,,,,,,,,,,,,,,,,
25,30,23,76.0,ارحومة عمر جبريل ارحومة,579,ابراهيم عبدالهادي رمضان الواكدي,186,عمر محمد ابراهيم ميلاد,114,ابراهيم ضو ابراهيم الصالحين,112,عمر ابوالقاسم احمد عمر الرويق,92,الحسين عبدالسلام المختار محمد كوره,66,علي سعد امبارك الابتر,63,سالم المبروك فرج علي,58,,,,,,,,,,,,,,,,,,,,,,,,,,,,,,,,,,,,,,,,,,,,,,,,,,,,,,,,,,,,,,,,,,,,,,,,,,,,,,,,,,
26,46,13,28.0,جمعة احمد علي دله,2,عبدالسلام عثمان علي سعيد,0,عبدالحفيظ عبدالله عبدالحفيظ النظيف,0,عبدالسلام ابوبكر محمد التامزوي,0,حسني عبدالباقي محمد عمر صالح,0,عبدالسلام سعود حمتون علي,0,عبدالسلام حمزة ميهوب عمر,0,اسامة عبدالسلام محمد صالح,0,سالمة عادل ابا على شها,0,عبدالسلام السنوسى محمد صالح ابوبكر,0,احمد عبدالقادر عبدالله البخاري,0,,,,,,,,,,,,,,,,,,,,,,,,,,,,,,,,,,,,,,,,,,,,,,,,,,,,,,,,,,,,,,,,,,,,,,,,,,,,
27,34,13,38.0,يونس فرج عبدالسلام العربي,0,ابوالقاسم علي عبدالقادر القومناي,0,عبدالقادر اويس تامر الاخضر,0,عمر عبدالقادر محمد ارياس,0,عمر عبدالرحمن ابوبكر ابراهيم يوسف,0,,,,,,,,,,,,,,,,,,,,,,,,,,,,,,,,,,,,,,,,,,,,,,,,,,,,,,,,,,,,,,,,,,,,,,,,,,,,,,,,,,,,,,,,
28,41,12,29.0,الجيلاني عبدالسلام ارحومة ارحومة,1,الزين العربي محمد العربي الدردير,0,الطاهر المهدي المهدي النغنوغي,0,احمد سليمان محمد الصالح,0,مسعود سعيد مسعود خيرات,0,سالم على محمد اسريز,0,,,,,,,,,,,,,,,,,,,,,,,,,,,,,,,,,,,,,,,,,,,,,,,,,,,,,,,,,,,,,,,,,,,,,,,,,,,,,,,,,,,,,,
29,46,13,28.0,محي الدين حسين محمد ابو الخيرات,1,محمد عبدالله عبدالسلام لاغا,1,العربي محمد كاتي الحبيب,0,علي احمد محمد صالح كتي,0,,,,,,,,,,,,,,,,,,,,,,,,,,,,,,,,,,,,,,,,,,,,,,,,,,,,,,,,,,,,,,,,,,,,,,,,,,,,,,,,,,,,,,,,,,
30,33,13,39.0,عبدالعزيز محمد احمد سعد انشي,1,علي هاشم منصور احمد,1,عبدالكريم محمد صالح السعيدي,0,ابراهيم عبدالوهاب النور عبدالوهاب,0,عبدالسلام الحاج حسن محمدين كرمي,0,عمر ابراهيم عبدالوهاب عبدالوهاب,0,علي ابراهيم علي الحاج علي,0,علي ابوبكر محمد ليلى,0,ابراهيم المهدي محمد كيلاني,0,محمد ابراهيم حسن كرمي,0,,,,,,,,,,,,,,,,,,,,,,,,,,,,,,,,,,,,,,,,,,,,,,,,,,,,,,,,,,,,,,,,,,,,,,,,,,,,,,
31,60,13,21.0,يوسف محمد عبدالسلام الشريف,3,امحمد ابوزيد احمد عبدالغني,1,علي محمد حامد عمر,1,ابوالقاسم علي احمد حسن,1,رافع على بشير الشريف,0,محمد حسن الطاهر قاجي,0,احمد ساسى علي بكوري,0,يحي علي الصالح بكوري,0,احميد سليمان مصطفى الهادي,0,عبدالرحمن احمد صالح محمد,0,,,,,,,,,,,,,,,,,,,,,,,,,,,,,,,,,,,,,,,,,,,,,,,,,,,,,,,,,,,,,,,,,,,,,,,,,,,,,,
33,36,30,83.0,خالد عبدالقادر عبدالله التواتي,607,محمد رمضان سيدي عمر سيدي الشيخ الهاشى,397,,,,,,,,,,,,,,,,,,,,,,,,,,,,,,,,,,,,,,,,,,,,,,,,,,,,,,,,,,,,,,,,,,,,,,,,,,,,,,,,,,,,,,,,,,,,,,
34,45,38,84.0,ابوالقاسم بشير قاسم يوشع,1634,محمد المبروك عبدالرحمن الاكحل,1037,,,,,,,,,,,,,,,,,,,,,,,,,,,,,,,,,,,,,,,,,,,,,,,,,,,,,,,,,,,,,,,,,,,,,,,,,,,,,,,,,,,,,,,,,,,,,,
35,141,126,89.0,مراجع علي نوح قاسم,3109,حمزة عبدربه حماد سليمان,1801,شريف الجالي الشريف سليمان,1751,فضيل محمود مختار عثمان,1732,عبدالقادر عبدالعالي جادالله عبدالرحيم,861,نصر جاب الله التهامي جلغاف,799,سعد بشير مفتاح الرفادي,527,فرج عبدالسلام محمد الابعج,500,علاءالدين ادريس الشريف اسبيق,429,عماد خالد عبدالنبي حمد,306,حمزة عمر الصابر عوض,245,فرج ادم علي بوعطيوة,218,سعد فرج محمد سلطان,178,نصر ابراهيم عبدالحفيظ بونعامه,154,ابوبكر ابراهيم بوبكر ادريس,148,علي حسن عوض احسين,127,عبدالمولي رشيد الميار بوشيحة,120,ربيع ونيس عكوش ادريس,93,اكرم ياسين محمد رجب,77,سليمان عبدالقادر حامد المغربي,77,عبدالسلام مفتاح عمران حسين,68,علي الطايع عبدالجواد حبيب,36,محمد صالح حامد اعبيد,32,,,,,,,,,,,,,,,,,,,,,,,,,,,,,,,,,,,,,,,,,,,,,,,,,,,,
36,64,56,87.0,سليمان محمود عبدالحميد الفضيل,1145,عقيلة صالح عيسى اقويدر,883,رضا منشاوي عياد العوكلي,522,الرضاء عبدالحميد حمد عمر,407,رزق شعيب طه سالم,361,مصطفى المبروك عبدالسيد مصطفى,271,فتح الله يوسف جابر محمد,129,عطية عبدالرحمن عبدالرازق عبدربه,120,محمد صالح محمد جبريل,46,يونس عبدالمولى محمد الهنداوي,42,مصطفى راف الله سعد سليمان,11,,,,,,,,,,,,,,,,,,,,,,,,,,,,,,,,,,,,,,,,,,,,,,,,,,,,,,,,,,,,,,,,,,,,,,,,,,,,
37,79,40,50.0,محمد الشاعث موسى الرفادى,404,رمضان رافع غيطاس بوغيطاس,313,خيرالله يونس عبد ربه التركاوي,270,المبروك محمد عبدالحفيظ سلامه,253,صلاح عبدالجواد سليمان القضائني,202,عبدالكريم عبدالحميد عاشور بن طاهر,69,علي جمعة حسن فضل,66,عبدالله حسن المبروك الدالي,57,نوري الصالحين فرج بن خيال,39,فتح الله عبدالله الناجي بوشرتيلة,22,عصام عبدالله علي النويصري,17,ابراهيم حسين عبدالرحمن المؤدب,17,,,,,,,,,,,,,,,,,,,,,,,,,,,,,,,,,,,,,,,,,,,,,,,,,,,,,,,,,,,,,,,,,,,,,,,,,,
38,51,44,86.0,عبدالحميد جبريل حسين ادم,1426,حسن عبدالرحيم علي موسى,609,عبدالعزيز صالح سعد العلام,341,سراج خليفة علي مسعود,271,عمر المختار موسى علي,205,بلال علي محمد ابراهيم,170,خالد محمد حسن المنفي,163,مهدي فرج سعد منصور,111,عيسى صالح علي صالح,95,نايف عبدالغني خليفة الشبرقي الحاسي,27,,,,,,,,,,,,,,,,,,,,,,,,,,,,,,,,,,,,,,,,,,,,,,,,,,,,,,,,,,,,,,,,,,,,,,,,,,,,,,
39,117,111,94.0,مصطفى عبدالحميد محمد دلاف,4708,التواتي حمد حسن ابوشاح,1619,عزالدين ابوبكر علي بوخريج,872,فرج محمد طيب المهدي,850,احمد حسن محمد جبريل,701,احمد خيرالله محمد حمد الدائخ,621,ادريس الفضيل عبدالقادر مخيون,563,عمر موسى عمر محمود,505,مسعود عوض اكويلة حسين,368,ابراهيم محمد مفتاح محمد,345,صالح عثمان عبدالكريم ادم,275,فؤاد صالح عطية خطاب,250,ابراهيم حسن عمر بازامة,234,عبدالهادي محمد عثمان المدهم,184,محمد صالح عوض حماد,175,فتح الله خليفة جبريل امشاقن,167,محمد حمد خيرالله منصور,144,محمد مفتاح جربوع عبدالجليل,135,محمد معيوف علي عبدالرازق,80,فتح الله عبدالرسول حمد مرعي,35,,,,,,,,,,,,,,,,,,,,,,,,,,,,,,,,,,,,,,,,,,,,,,,,,,,,,,,,,,
40,88,78,88.0,سعد سالم الطالب حمد,2409,رفعت مصطفى ابوبكر العيش,2010,نصر صالح صلهوب بوهيسة سليمان,790,عبدالله عبداللطيف علي القماطي,634,بالقاسم محمد بوبكر علي,172,صالح احمد عبدالرحمن زازة,170,مسعود محمد يونس عوض,96,جاب الله سعيد جاب الله خيرالله,42,سعد مفتاح اقدير شرشرة,22,احمد محمد بالحمد سليمان,10,عبدالباسط حسين محمد طاهر,8,حسين عطية علي عبدالله,8,,,,,,,,,,,,,,,,,,,,,,,,,,,,,,,,,,,,,,,,,,,,,,,,,,,,,,,,,,,,,,,,,,,,,,,,,,
41,58,51,87.0,الصديق المبروك عمران سعد,1390,سعيد محمد علي عبدالعالي,952,فتحي حسن سعد جبريل,615,احمد محمد علي الشيلابي,495,رابح ادريس حسين ارجيعه,431,عبدالواحد ادم فرج ابراهيم,164,علي عوض عبدالله حسن ازويط,109,جبريل عمر جبريل عبدالله,81,,,,,,,,,,,,,,,,,,,,,,,,,,,,,,,,,,,,,,,,,,,,,,,,,,,,,,,,,,,,,,,,,,,,,,,,,,,,,,,,,,
42,383,359,93.0,علي عبدالسلام عبدالهادي الترهوني,19714,عبدالقادر عبدالله ابراهيم اقدوره,8081,عبدالعظيم ميلاد نصر محمد الفراوي,6898,ونيس المبروك عبدالسلام الفسي,5505,عبدالجواد ادم حامد البدين,4047,ابراهيم فتحي ابراهيم عميش,2768,محمد موسى محمد العبيدى,2124,فرج علي زيدان الورفلي,1784,جادالمولي عياد صالح اجويدة العبيدي,1454,يوسف هارون موسى الشهيبي,1034,حسن يوسف حسن بوليفة,1003,جمال احمد محمد الغزالي,968,الصالحين محمد الصالحين بسيكري,817,ناصر فرج عبدالسلام العرفي,756,محمد عمر حسين عبدالله,658,شمس الدين محمد عبدالكريم بن علي,566,عمر موسى عمر الهبري,531,مرعي عبدالله علي عقيلة,432,حسن مفتاح علي الشريف,366,عصام صالح عمر التاجوري,362,محمد بوزيد سعيد الدرسى,358,ناصر ادريس سالم بورويص,327,سامي سالم عبدالقادر الاطرش,306,مفتاح عبدالحميد مفتاح الفلاح,262,حسين فتحي حسين الظراط,234,يوسف عبدالسلام محمد بعيو,211,علي محمد حسن الصديق,187,عبدالحميد ابراهيم يوسف بووذن,179,عمر سليمان صالح الحاسى,178,ابوبكر فتحي محمد المحجوب,177,علي محمد حمد بالرحيم,170,هشام فرج سعد الطيرة,164,عبدالسلام حمد محمد الشبلي,157,رشيد محمد فرحات العربى,154,مفتاح ادريس مسعود محمد,136,حمد يوسف حمد يوسف الفيتورى,130,عادل احمد محمد الفرجانى,126,باسم عبدالقادر عبدالسلام المغربي,120,سعد سعيد فضل الله اسماعيل,119,نافع عبدالكافي منشاوي الزعيري,119,صلاح مؤمن سعد ماضي,113,حسام الدين فتحي ابراهيم عبدالعليم,101,صالح مفتاح العلام ابراهيم الزوي,98,علي محمد فرج حمي,85,بالقاسم عبدالسلام محمد ابويصير,66,ابوبكر محمد ابوبكر القطراني,53,فرج عبدالله علي بوكر,36,علي خليفه محمد البركاوي,35,عبدالناصر عبدالعالي عبدالسلام شماطة,30
43,46,31,67.0,ابراهيم فرج سالم البابه,339,ابراهيم رجب ابراهيم حسن,330,عصام محمد عبدالدائم سليمان,249,وليد عبدالحميد محمد ماضي,98,عبدالكريم مسعود محمد ادبيش,58,محمد صالح علي عبدالجليل,27,سالم يوسف سالم محمد,16,,,,,,,,,,,,,,,,,,,,,,,,,,,,,,,,,,,,,,,,,,,,,,,,,,,,,,,,,,,,,,,,,,,,,,,,,,,,,,,,,,,,
44,94,84,89.0,منعم محمد الشريف عبدربه,1645,عبدالسلام احمد عقيلة الكزة,1081,فتحي عبدالسلام المهدي العشيبي,926,سليمان عبدالرحيم يونس يوسف,564,عبد القادر طاهر محمد عبدالسلام,543,جبريل محمد جبريل عيسى,423,عبدالسلام علي احمد الشيخي,347,احمد عبدالحميد موسى حمدالله,250,ايمن محمد مكائيل بوبكر,243,محمد علي عمر عيسى,104,,,,,,,,,,,,,,,,,,,,,,,,,,,,,,,,,,,,,,,,,,,,,,,,,,,,,,,,,,,,,,,,,,,,,,,,,,,,,,
45,112,101,90.0,نوح عبدالسيد عبدالله يونس,1877,عمر النعاس محمد علي,1520,لوجلى صالح لوجلى منصور,1459,عبدالسلام عبدالهادى جبريل بوشقمه,1060,سعد حماد صالح القبائلى,818,بالقاسم موسى عطية الكاسح,294,طاهر يونس عبدالسلام محمد,284,محمد سعد بالقاسم بوشمو,281,هلال محمد عبدالهادي عبدالرحمن,270,سعد بوشنيف ادم عبيدالله,262,محمد عبدالكريم المبروك ابراهيم,196,ابراهيم احمد محمد بيوض,140,ونيس المبروك محمد بوزريبة,130,ابراهيم فتح الله ابراهيم شعبان,78,نصر سعيد عقوب سعيد,35,حافظ جبريل عمر عبدالجواد,29,,,,,,,,,,,,,,,,,,,,,,,,,,,,,,,,,,,,,,,,,,,,,,,,,,,,,,,,,,,,,,,,,,
46,50,41,82.0,حسين سكران الحسين سكران,1421,ابريك علي عبدالله مفتاح,702,,,,,,,,,,,,,,,,,,,,,,,,,,,,,,,,,,,,,,,,,,,,,,,,,,,,,,,,,,,,,,,,,,,,,,,,,,,,,,,,,,,,,,,,,,,,,,
47,66,12,18.0,خطاب خالد خطاب خالد,1,فرحات ميكائيل محمد عقوب,0,محمد محمود عبدالعزيز اهليل,0,مبروك محمد علي الزوي,0,ادريس حامد حمدو مطاري,0,حكيم عتيق غيث حويل,0,خليل عبدالرحيم محمد الفضيل,0,نعيم عثمان سليمان اقبيلي,0,منير جابر عبدالله بدر,0,عزالدين مهدي علي حامد,0,,,,,,,,,,,,,,,,,,,,,,,,,,,,,,,,,,,,,,,,,,,,,,,,,,,,,,,,,,,,,,,,,,,,,,,,,,,,,,
48,330,316,95.0,اعتماد عمر احمد المسلاتي,16076,تركية عبدالحفيظ الهادي الواعر,8323,رويده محمد عبدالسلام الراجحي,7704,سميرة الزروق محمد كرموس,7158,فريدة محمد ابراهيم الشهاوي,4257,,,,,,,,,,,,,,,,,,,,,,,,,,,,,,,,,,,,,,,,,,,,,,,,,,,,,,,,,,,,,,,,,,,,,,,,,,,,,,,,,,,,,,,,
49,370,345,93.0,زينب علي سليمان الزايدي,18009,ايمان رمضان احمد المغربى,13164,هويدة محمود جمعة الشيباني,4190,اسماء مصطفى محمد الاسطى,3594,سميرة علي عيسى العزابي,3321,ابتسام عبدالحفيظ عمر احمد,1804,لبنى زهري ادهم المنتصر,1514,فهيمة الطيب العربي ديكنه,1452,فاطمة جمعة خليفة باقي,1283,سهام محمد مفتاح احميد,1046,مفيدة علي الصادق عميش,1012,عائشة رمضان عبدالصمد فرحات,886,منى عمر محمد البكوش,882,ليلى محمد عمرو زامونه,503,عائشة الصادق عبدالله الولاني,417,,,,,,,,,,,,,,,,,,,,,,,,,,,,,,,,,,,,,,,,,,,,,,,,,,,,,,,,,,,,,,,,,,,,
50,95,80,84.0,نادية محمد مفتاح عمران,2801,سليمة محمد زيدان علي رمضان,1984,عائشة الكيلاني بشير العياط,1200,اميمة محمد بشير عبدالحميد,1126,امنة زيدان محمد نصر,758,ربيعة عبدالقادر امحمد صمبه,416,زينب اللافي شريف محمد,336,ليلى عيسى محمد علي,254,,,,,,,,,,,,,,,,,,,,,,,,,,,,,,,,,,,,,,,,,,,,,,,,,,,,,,,,,,,,,,,,,,,,,,,,,,,,,,,,,,
51,84,70,83.0,رانيا عبدالسلام محمد عثمان الصيد,3388,بثينه عمر احمد ابوالقاسم الغناي,1377,ابتهال امحمد محمد صمبه,1126,,,,,,,,,,,,,,,,,,,,,,,,,,,,,,,,,,,,,,,,,,,,,,,,,,,,,,,,,,,,,,,,,,,,,,,,,,,,,,,,,,,,,,,,,,,,
52,478,414,86.0,مريم حسين جبريل عمر,6864,حنان عبدالقادر احميده الفخاخري,4295,فتحية دخيل الميار الكيلاني,4254,نجلاء فتحي محمد محمود,3843,قدرية عثمان صالح الشهيبي,3596,هدى رجب محمد ابراهيم العبيدي,3218,عزة محمود قاسم الصيد,2787,منى ادم داوود محمد,2154,نعيمة علي عبدالقادر مخيون,1524,هدى احمد عبدالقادر لياس,1482,سعاد ابراهيم حمد صالح,1007,,,,,,,,,,,,,,,,,,,,,,,,,,,,,,,,,,,,,,,,,,,,,,,,,,,,,,,,,,,,,,,,,,,,,,,,,,,,
53,651,568,87.0,ابتسام احمد عثمان ابحيح,20303,ام العز علي سعد الفارسي,12441,ايمان محمد ابوبكر بن يونس,7926,زينب المبروك محمد بوقعقيص,7548,نجاة جيدالله ابراهيم جيدالله,5964,امل سعد محمد العبيدى,5295,رويده رضاء بشير بوحلفاية,4189,ابتسام عبدالله رجب الزني,2505,خديجة محمود فرج العمامي,1930,فردوس احمد امحمد ابوزيد,1834,امينة مصطفى سعد الكيلاني,1090,فوزية درك الله ادريس كوري,382,,,,,,,,,,,,,,,,,,,,,,,,,,,,,,,,,,,,,,,,,,,,,,,,,,,,,,,,,,,,,,,,,,,,,,,,,,
55,121,38,31.0,علي حمدانى المختار اغالي,1,مصطفى مؤمن محمد اده,1,حسن حسيني الخير حمدان,0,عمر البدوي خليل بنوني,0,جعفر عثمان محمد الامين,0,,,,,,,,,,,,,,,,,,,,,,,,,,,,,,,,,,,,,,,,,,,,,,,,,,,,,,,,,,,,,,,,,,,,,,,,,,,,,,,,,,,,,,,,
56,139,39,28.0,صالح قلمة يصكو دركوى,0,رمضان لاندى موسى سعيد,0,عبدالله بركه اجى توكه,0,عبدالله على واسلى حسن,0,محمد بركة محمد تنقشي,0,خالد ابوبكر وهلي تمشا,0,ابراهيم  وردكو يصكو دركوى,0,,,,,,,,,,,,,,,,,,,,,,,,,,,,,,,,,,,,,,,,,,,,,,,,,,,,,,,,,,,,,,,,,,,,,,,,,,,,,,,,,,,,
57,45,38,84.0,ابراهيم احميدو علاق اللافي,197,,,,,,,,,,,,,,,,,,,,,,,,,,,,,,,,,,,,,,,,,,,,,,,,,,,,,,,,,,,,,,,,,,,,,,,,,,,,,,,,,,,,,,,,,,,,,,,,
58,66,12,18.0,جميلة اللبدو كلو لندي,1,علي يحى عبدالله اوشي,0,حسن حسين محمد مصطفى,0,يونس حسن عيسى رمضان,0,خميس محمد يوسف هرنجي,0,السنوسي حامد وهلي شودة,0,عبدالرحمن ابراهيم يوسف بقر,0,,,,,,,,,,,,,,,,,,,,,,,,,,,,,,,,,,,,,,,,,,,,,,,,,,,,,,,,,,,,,,,,,,,,,,,,,,,,,,,,,,,,
